word,count
my,1526
me,884
to,876
is,874
and,831
the,807
are,551
we,542
in,386
on,364
with,283
am,276
touching,225
watching,224
he,223
attention,218
i'm,215
trying,215
she,212
arm,210
of,207
something,185
friend,173
about,165
talking,165
just,164
at,162
or,158
sitting,153
get,149
that,146
some,132
hand,129
person,129
for,124
they,117
tv,113
having,112
we're,111
rubbing,105
touches,104
while,100
back,96
child,96
it,94
touch,93
wants,92
someone,91
movie,90
have,86
other,86
shoulder,86
partner,84
her,78
up,77
forearm,76
as,74
an,72
by,72
after,71
be,71
tapping,71
feel,67
finger,67
his,65
comforting,64
because,63
our,60
im,59
this,59
being,58
down,58
like,58
conversation,57
sad,57
way,57
gently,56
day,54
work,54
was,53
comfort,51
couch,51
doctor,51
so,50
doing,49
family,49
relaxing,49
bed,48
each,47
telling,47
news,46
together,46
bad,45
playing,45
chilling,44
next,43
not,43
waiting,43
feeling,42
from,42
colleague,41
leg,41
out,41
she's,41
time,41
face,39
if,38
home,37
talk,37
stranger,36
how,35
poking,35
their,35
them,34
going,33
situation,33
sofa,33
but,32
show,32
cuddling,31
has,31
him,31
one,31
around,30
had,30
ask,29
mother,29
upset,29
working,29
getting,28
life,28
table,28
member,27
need,27
pain,27
starts,27
girlfriend,26
happened,26
he's,26
skin,26
video,26
what,26
behind,25
during,25
it's,25
make,25
romantic,25
through,25
touched,25
very,25
checking,24
friends,24
head,24
lying,24
maybe,24
know,23
asking,22
patting,22
see,22
walking,22
when,22
you,22
affection,21
chatting,21
comes,21
crying,21
do,21
making,21
outside,21
stroking,21
therapist,21
calm,20
can,20
dinner,20
good,20
husband,20
people,20
phone,20
there,20
annoy,19
another,19
been,19
gentle,19
left,19
massage,19
mom,19
emotional,18
i've,18
pressure,18
television,18
want,18
would,18
both,17
calling,17
over,17
probably,17
room,17
taking,17
times,17
us,17
area,16
asleep,16
bit,16
bored,16
class,16
laying,16
long,16
problems,16
rubs,16
sister,16
son,16
before,15
caressing,15
catch,15
don't,15
else,15
its,15
looking,15
needs,15
nothing,15
play,15
repeatedly,15
same,15
then,15
told,15
watch,15
which,15
annoying,14
body,14
boyfriend,14
close,14
consoling,14
giving,14
grab,14
moment,14
music,14
neck,14
personal,14
question,14
reassuring,14
they're,14
tries,14
were,14
where,14
any,13
came,13
check,13
fun,13
hugging,13
lightly,13
listening,13
little,13
lost,13
lunch,13
now,13
reading,13
showing,13
sit,13
tell,13
went,13
care,12
caresses,12
chest,12
cold,12
cream,12
difficult,12
hands,12
massaging,12
meeting,12
more,12
na,12
nephew,12
pats,12
received,12
softly,12
taps,12
things,12
try,12
two,12
under,12
using,12
bus,11
call,11
calming,11
cheer,11
coffee,11
could,11
distracted,11
feels,11
food,11
front,11
give,11
go,11
hurt,11
into,11
lower,11
part,11
physical,11
sharing,11
street,11
warm,11
wife,11
wrist,11
all,10
cooking,10
date,10
did,10
drinking,10
exam,10
examining,10
few,10
hair,10
hanging,10
happening,10
help,10
kid,10
kitchen,10
light,10
nervous,10
order,10
pressing,10
right,10
slowly,10
take,10
therapy,10
visiting,10
your,10
bench,9
better,9
currently,9
daughter,9
does,9
done,9
driving,9
enjoying,9
fell,9
issues,9
jestem,9
manner,9
nurse,9
off,9
playful,9
point,9
re,9
rub,9
sexual,9
suddenly,9
wake,9
will,9
without,9
affectionate,8
also,8
away,8
break,8
brother,8
busy,8
comforted,8
computer,8
contact,8
cousin,8
deep,8
discussing,8
felt,8
focusing,8
game,8
got,8
hard,8
hear,8
holding,8
important,8
joking,8
kind,8
line,8
looks,8
mine,8
morning,8
myself,8
nice,8
saying,8
side,8
sleep,8
speaking,8
spending,8
spot,8
standing,8
stressed,8
strokes,8
task,8
test,8
thigh,8
upper,8
waking,8
whilst,8
who,8
against,7
anxiety,7
appointment,7
blood,7
book,7
car,7
catching,7
chat,7
classmate,7
console,7
desk,7
event,7
everything,7
examination,7
father,7
helping,7
intimate,7
job,7
joke,7
laughing,7
look,7
lot,7
made,7
might,7
much,7
old,7
pass,7
paying,7
professional,7
ready,7
relaxed,7
rest,7
rubbed,7
seat,7
seated,7
several,7
shoulders,7
sleeping,7
slightly,7
soft,7
start,7
teacher,7
una,7
uncomfortable,7
wanted,7
wanting,7
well,7
aggressively,6
almost,6
alone,6
anxious,6
belly,6
best,6
between,6
bothering,6
company,6
coworker,6
describing,6
draw,6
eating,6
end,6
evening,6
film,6
find,6
form,6
grandma,6
happy,6
headphones,6
health,6
heart,6
hospital,6
hurts,6
index,6
intercourse,6
kids,6
la,6
lecture,6
lounge,6
love,6
may,6
mnie,6
most,6
muscle,6
new,6
niece,6
office,6
okay,6
palm,6
park,6
place,6
problem,6
que,6
really,6
relative,6
rough,6
said,6
school,6
seen,6
series,6
session,6
shopping,6
somebody,6
sort,6
started,6
stomach,6
story,6
stressful,6
tough,6
treatment,6
tree,6
weird,6
across,5
arms,5
asked,5
baby,5
boss,5
braccio,5
cafe,5
casual,5
confort,5
discuss,5
drinks,5
either,5
engaging,5
excited,5
explaining,5
failed,5
fingers,5
finished,5
first,5
found,5
friendly,5
games,5
gesture,5
group,5
house,5
lesson,5
let,5
lie,5
loved,5
medical,5
mum,5
night,5
normal,5
once,5
parents,5
passing,5
pay,5
perhaps,5
picnic,5
playfully,5
pleasant,5
project,5
put,5
queue,5
say,5
sense,5
shown,5
significant,5
simply,5
soothing,5
specific,5
stuff,5
support,5
tap,5
tea,5
testing,5
thinking,5
too,5
university,5
venting,5
walk,5
whether,5
arousing,4
aunt,4
bedroom,4
boy,4
brushing,4
budzony,4
buy,4
casually,4
checked,4
client,4
closeness,4
co,4
come,4
comforts,4
condition,4
continuously,4
crowded,4
cuddle,4
days,4
dealing,4
didn't,4
drink,4
ease,4
eat,4
eye,4
eyes,4
favorite,4
flirt,4
flirting,4
focused,4
frustrated,4
funny,4
future,4
gathering,4
given,4
gives,4
grandmother,4
grandparent,4
happens,4
haven't,4
hearing,4
hes,4
hugs,4
ice,4
injury,4
interest,4
interested,4
keeps,4
knee,4
laptop,4
laugh,4
leave,4
likely,4
likes,4
living,4
man,4
many,4
match,4
messing,4
mi,4
move,4
netflix,4
nose,4
ok,4
party,4
pat,4
person's,4
petting,4
poked,4
preparing,4
pretty,4
public,4
reaches,4
reaction,4
reassurance,4
reassure,4
receiving,4
recent,4
resting,4
results,4
running,4
saw,4
seconds,4
sensation,4
sex,4
shared,4
should,4
small,4
social,4
somewhere,4
sore,4
still,4
tests,4
than,4
thing,4
think,4
tip,4
touchy,4
towards,4
train,4
travelling,4
turn,4
type,4
upsetting,4
videos,4
visit,4
words,4
wrong,4
young,4
acquaintance,3
admiring,3
afternoon,3
again,3
amazing,3
angry,3
annoyed,3
applying,3
asks,3
attack,3
attempting,3
attending,3
bar,3
beach,3
beside,3
boredom,3
breaking,3
caf,3
can't,3
caress,3
cartoons,3
certain,3
city,3
clean,3
communicate,3
concentrate,3
consent,3
constantly,3
couple,3
coworkers,3
crowd,3
curious,3
current,3
cute,3
de,3
decide,3
decided,3
delicate,3
depressed,3
dropped,3
dry,3
en,3
encouragement,3
encouraging,3
energy,3
enough,3
est,3
etc,3
events,3
every,3
examines,3
explain,3
facing,3
fallen,3
favourite,3
feet,3
firmly,3
floor,3
forehead,3
forth,3
girl,3
gone,3
goodbye,3
grabs,3
great,3
greets,3
heard,3
hug,3
hurting,3
il,3
information,3
initiate,3
injection,3
interrupting,3
intimacy,3
irritating,3
itchy,3
jokingly,3
keep,3
keeping,3
leaning,3
leaving,3
listen,3
lives,3
losing,3
makes,3
mall,3
massages,3
missed,3
moja,3
nagging,3
nap,3
nerves,3
no,3
only,3
other's,3
others,3
painful,3
paint,3
parent,3
passenger,3
pen,3
persons,3
pet,3
pets,3
physiotherapist,3
pleasure,3
pointing,3
professor,3
quality,3
questions,3
quiet,3
quite,3
random,3
randomly,3
reason,3
receive,3
regular,3
relax,3
relief,3
remotely,3
remove,3
repeated,3
rubing,3
sat,3
scary,3
scrolling,3
seeking,3
sees,3
serious,3
shes,3
shop,3
short,3
sick,3
sign,3
silence,3
similar,3
smile,3
snack,3
snacks,3
socializing,3
soothe,3
speak,3
spilled,3
starting,3
staying,3
store,3
strange,3
stress,3
stroke,3
study,3
studying,3
sunscreen,3
supermarket,3
sweet,3
talked,3
taxi,3
team,3
temperature,3
there's,3
theres,3
tickling,3
tired,3
toddler,3
top,3
topics,3
unfortunate,3
usually,3
walks,3
whinging,3
why,3
window,3
wine,3
woke,3
worried,3
year,3
younger,3
above,2
accompanied,2
activities,2
adults,2
affectionately,2
agreed,2
along,2
already,2
alright,2
anything,2
apply,2
approaches,2
areas,2
argument,2
arrive,2
assignements,2
awake,2
aware,2
awkward,2
babysitting,2
bag,2
ball,2
beer,2
begin,2
begins,2
bothers,2
breakdown,2
breakup,2
broke,2
budzi,2
business,2
buying,2
calf,2
called,2
calmly,2
cant,2
cartoon,2
cases,2
cat,2
cause,2
causes,2
challenges,2
check-up,2
checks,2
chilled,2
church,2
cleaning,2
closed,2
closer,2
cognitive,2
collegue,2
comida,2
como,2
con,2
concern,2
concert,2
confiding,2
conforting,2
cool,2
cos,2
couldn't,2
creepy,2
criticizing,2
cuddled,2
dad,2
daily,2
dead,2
death,2
decides,2
del,2
didnt,2
died,2
difficulty,2
direction,2
directions,2
discussion,2
dishes,2
distance,2
doctor's,2
doctors,2
doesn't,2
dotykany,2
drive,2
due,2
eachother,2
ear,2
earlier,2
earphones,2
emotionally,2
emotions,2
emphasising,2
encounter,2
ensure,2
entertain,2
estamos,2
estn,2
estoy,2
even,2
everyday,2
exactly,2
examined,2
exams,2
exchange,2
experience,2
express,2
facciamo,2
falling,2
familiar,2
fare,2
faster,2
favor,2
feelings,2
fiance,2
finally,2
finds,2
finish,2
focus,2
football,2
foreplay,2
forward,2
free,2
fridge,2
friend's,2
full,2
gain,2
garden,2
general,2
gets,2
goes,2
goosebumps,2
grabbed,2
grade,2
grass,2
greeting,2
growing,2
guest,2
guests,2
guy,2
haciendo,2
hairdresser,2
half,2
happen,2
happend,2
hate,2
healer,2
hi,2
himself,2
hit,2
hour,2
hovering,2
hugged,2
i'd,2
idea,2
ignoring,2
imagine,2
impatient,2
impatiently,2
injured,2
insistently,2
instructor,2
interact,2
interacting,2
interaction,2
irritated,2
ketchup,2
kicking,2
kissing,2
kitty,2
knocks,2
knowing,2
lady,2
late,2
lately,2
laughs,2
lead,2
lean,2
legs,2
less,2
library,2
lotion,2
loud,2
loving,2
machine,2
masaje,2
massaged,2
masseur,2
masseuse,2
meal,2
measuring,2
medication,2
mia,2
middle,2
minding,2
missing,2
mocking,2
months,2
mood,2
mosquito,2
motivation,2
movement,2
moves,2
moving,2
name,2
napping,2
near,2
negative,2
noise,2
normally,2
notes,2
notice,2
noticed,2
notices,2
numbing,2
often,2
one's,2
online,2
open,2
operation,2
opinion,2
ordering,2
oven,2
overwhelmed,2
para,2
parte,2
passed,2
passeggiata,2
past,2
penis,2
per,2
perform,2
persona,2
phones,2
physio,2
pick,2
picking,2
pimple,2
places,2
plans,2
plays,2
pociesza,2
pocieszany,2
poke,2
pokes,2
polite,2
pool,2
positive,2
possible,2
possibly,2
pretending,2
prodding,2
projects,2
prosi,2
proud,2
providing,2
pub,2
publishing,2
pulse,2
purpose,2
putting,2
quickly,2
rather,2
reassured,2
recently,2
regarding,2
reiki,2
relationship,2
respond,2
response,2
restaurant,2
rodrigo,2
roommate,2
runs,2
scratching,2
seems,2
sensual,2
served,2
setting,2
settling,2
shoot,2
sibling,2
singing,2
slapping,2
slides,2
slow,2
smiles,2
smoke,2
someone's,2
song,2
spent,2
spouse,2
sprained,2
stand,2
state,2
stiff,2
stop,2
stopped,2
stops,2
stove,2
stroked,2
strong,2
strongly,2
stuck,2
such,2
sun,2
sunny,2
supports,2
sure,2
tables,2
takes,2
tapped,2
tattoo,2
teaching,2
tease,2
teasing,2
tells,2
tenderly,2
tenderness,2
tested,2
that's,2
thinks,2
those,2
though,2
thoughts,2
tickles,2
tingling,2
tocco,2
today,2
took,2
topic,2
tousch,2
town,2
toy,2
trading,2
transport,2
trick,2
tried,2
troubles,2
twice,2
uncontrollably,2
understand,2
unhappy,2
unpleasant,2
usual,2
uwage,2
vein,2
veins,2
vented,2
vigorously,2
wallet,2
warning,2
washed,2
washing,2
wearing,2
week,2
weekend,2
weight,2
whatever,2
whispering,2
whom,2
wierd,2
winter,2
wipe,2
woken,2
woman,2
workmate,2
writing,2
yet,2
youtube,2
2year,1
able,1
abou,1
academic,1
acariciar,1
accarezza,1
accident,1
accidentally,1
accompanies,1
accused,1
accusing,1
aches,1
achievement,1
achievements,1
aching,1
acknowledge,1
ackowledging,1
ackward,1
acquaintace,1
acquintance,1
acting,1
activity,1
acute,1
adhd,1
admires,1
admonished,1
admonishing,1
adult,1
advancing,1
advantage,1
advice,1
advices,1
affect,1
affected,1
affirmation,1
agent,1
ago,1
agrivated,1
agrocery,1
ahe,1
ahead,1
ailing,1
airbnb,1
aknowledge,1
al,1
alert,1
alerta,1
algo,1
alive,1
alongside,1
altercation,1
always,1
amica,1
amichevole,1
amigo,1
among,1
amount,1
amusing,1
ancient,1
anecdote,1
ang,1
anguish,1
animadamente,1
animando,1
animated,1
ankle,1
anniversary,1
announcing,1
annoyance,1
annoyingly,1
another's,1
answer,1
answering,1
aother,1
apartment,1
appreciation,1
approached,1
appropriate,1
aprroaches,1
aqm,1
aren't,1
arguing,1
arguments,1
armhair,1
aroused,1
arrived,1
arrives,1
arriving,1
artificial,1
artist,1
arund,1
arw,1
asap,1
ascertain,1
askotany,1
assieme,1
assistance,1
assisting,1
ate,1
atenta,1
atienda,1
attachment,1
attempt,1
attencion,1
attentive,1
attract,1
attractive,1
aula,1
avaliation,1
avisando,1
avoid,1
awaken,1
awareness,1
awkwardly,1
badly,1
baking,1
balding,1
bank,1
banter,1
barely,1
barriers,1
basic,1
basis,1
batte,1
battle,1
bbq,1
bck,1
beauty,1
became,1
beckons,1
become,1
becuase,1
beeing,1
beforehand,1
behavioral,1
behavioural,1
believe,1
believes,1
belongings,1
benefits,1
besides,1
bez,1
bf,1
bigger,1
binging,1
birds,1
birthday,1
biting,1
bits,1
bitten,1
black,1
blanket,1
bloated,1
blockages,1
blue,1
board,1
bone,1
bones,1
bonitas,1
books,1
boring,1
borrow,1
bottom,1
boundaries,1
bout,1
brainstorm,1
bread,1
breathing,1
breaths,1
bring,1
bro,1
broken,1
brother's,1
brothers,1
browsing,1
brushed,1
bully,1
bump,1
bumps,1
burger,1
buried,1
burned,1
bursts,1
byofriend,1
cake,1
callingmy,1
calmer,1
calmimg,1
calmness,1
calms,1
cames,1
candidly,1
cannot,1
canoodling,1
cara,1
carecing,1
careful,1
carefully,1
carelessly,1
caresed,1
caresing,1
caressed,1
caressing's,1
caricia,1
caring,1
carpet,1
carresing,1
case,1
cashier,1
celebrating,1
ceremony,1
chair,1
change,1
changing,1
channel,1
character,1
charged,1
chce,1
checkup,1
cheeks,1
cherishing,1
chid,1
child's,1
childlike,1
children,1
children's,1
chill,1
chillung,1
chit,1
cigarette,1
cigarettes,1
cinema,1
circulation,1
claps,1
clarification,1
classroom,1
clearly,1
clients,1
climbs,1
clit,1
clitoris,1
closest,1
clothes,1
club,1
clubbing,1
co-worker,1
cofee,1
collaborating,1
colleagues,1
colleaue,1
college,1
color,1
com,1
comfortable,1
commuting,1
companion,1
competition,1
complained,1
complaining,1
completing,1
complicated,1
computers,1
concentrating,1
concentration,1
concerns,1
conciousness,1
concrete,1
conducting,1
conference,1
confessing,1
confidence,1
conforted,1
conforts,1
confronting,1
congratulating,1
congratuling,1
connection,1
consistency,1
consol,1
consolando,1
consolation,1
consoled,1
consolidated,1
consultation,1
consulted,1
consuming,1
contar,1
continually,1
continue,1
contra,1
contracture,1
conversamos,1
conversing,1
conveying,1
convince,1
convinced,1
coolly,1
correct,1
corridor,1
cosmetician,1
costumer,1
coudling,1
counselling,1
country,1
country's,1
couples,1
course,1
cousing,1
coziness,1
cramp,1
cramping,1
cramps,1
create,1
creeps,1
crema,1
crisis,1
cry,1
cucinando,1
cuddles,1
cuerpo,1
curled,1
customer,1
cut,1
cutting,1
cuz,1
czce,1
czoci,1
da,1
dads,1
damage,1
dancing,1
dar,1
dark,1
dates,1
daydreaming,1
deadlines,1
dear,1
deciding,1
decisioni,1
decisively,1
dedo,1
deem,1
deeply,1
defeated,1
definitely,1
deliberately,1
delikatnie,1
dell'altra,1
della,1
delle,1
demonstration,1
dentist,1
deppressed,1
depression,1
dermatological,1
described,1
despondent,1
destination,1
destra,1
destro,1
detailed,1
determine,1
developing,1
di,1
diagnosis,1
diciendo,1
difference,1
different,1
difficulties,1
dim,1
dining,1
dinning,1
direct,1
dirt,1
dirty,1
discipline,1
discontinuous,1
discussed,1
discute,1
disinfecting,1
dismissive,1
disposition,1
dissolving,1
distanciada,1
distract,1
distracting,1
distraction,1
distractly,1
distrada,1
distressed,1
distressing,1
disturbing,1
divertente,1
divorce,1
dmdd,1
doctot,1
dog,1
donde,1
dont,1
dose,1
dotyka,1
dough,1
dozing,1
dramatic,1
drawing,1
drawn,1
drenched,1
dressed,1
driver,1
droplet,1
drops,1
drums,1
dumped,1
dziwny,1
eah,1
early,1
earth,1
education,1
effective,1
effects,1
el,1
elder,1
electricity,1
elevated,1
elicits,1
else's,1
embarrasing,1
embrace,1
emocionado,1
emotive,1
empathy,1
encounters,1
encouraged,1
endlessly,1
engage,1
english,1
enjoy,1
enjoyable,1
enjoys,1
entered,1
entering,1
enters,1
entertaining,1
enviroment,1
environment,1
episode,1
equipped,1
erotic,1
erotically,1
es,1
esa,1
escaped,1
especie,1
espera,1
essay,1
establishing,1
estou,1
everyone,1
everytime,1
ex,1
exact,1
examine,1
example,1
excel,1
excidted,1
excitement,1
excruciating,1
exercising,1
exhausting,1
exhaustion,1
exit,1
expectations,1
experiences,1
experiencing,1
experiment,1
experimentor,1
expierences,1
explained,1
expressed,1
expresses,1
expressing,1
expression,1
extended,1
extender,1
extra,1
extremely,1
f2f,1
fact,1
fail,1
fall,1
familliar,1
familly,1
fantastic,1
fashion,1
fast,1
fat,1
father's,1
feed,1
feedback,1
female,1
female's,1
fever,1
fight,1
fighting,1
figlia,1
filme,1
financial,1
finder,1
fine,1
fingure,1
finnger,1
firing,1
firm,1
fix,1
fixed,1
fixing,1
fizycznego,1
flatter,1
flights,1
flue,1
folding,1
follow,1
foot,1
forarm,1
forcefully,1
forgot,1
former,1
fort,1
fortune,1
fractured,1
freaking,1
friendship,1
frienfd,1
frint,1
frustration,1
fuerte,1
fully,1
functional,1
funeral,1
gaining,1
gas,1
gate,1
gave,1
gaze,1
geantly,1
generally,1
germophobe,1
gestures,1
giggle,1
girlfirend,1
glance,1
goals,1
goodboy,1
goodbyes,1
goodnight,1
goodybe,1
goofily,1
goose,1
gossip,1
gossiping,1
gotten,1
gp,1
grabbing,1
graduated,1
graduation,1
gran,1
grandmother's,1
grandpa,1
grandparents,1
grandson,1
granny,1
grazing,1
green,1
grievance,1
gripping,1
groceries,1
grocery,1
ground,1
grounding,1
groups,1
grown,1
grows,1
guardo,1
habit,1
hacer,1
hairs,1
hairstyle,1
hall,1
handling,1
harsh,1
hastily,1
haven,1
headache,1
heading,1
headsets,1
healing,1
healthcare,1
heat,1
heater,1
heaving,1
heavy,1
hectic,1
hell,1
hello,1
helps,1
hence,1
here,1
herself,1
hesitant,1
higher,1
highlight,1
hole,1
homework,1
honest,1
hopeless,1
horny,1
horror,1
hotel,1
hours,1
housband,1
houses,1
however,1
hubbly,1
human,1
humurous,1
hungry,1
hurry,1
hushed,1
idk,1
illness,1
imagining,1
impatience,1
importance,1
impressed,1
impulsively,1
inane,1
inappropriate,1
inaudible,1
incident,1
incoming,1
inflamed,1
informed,1
inject,1
injected,1
injuring,1
ink,1
insecure,1
inserted,1
inside,1
insistence,1
instruction,1
intended,1
intensity,1
intently,1
interesting,1
intervsal,1
intravenous,1
investigating,1
invoking,1
involved,1
involves,1
ir,1
irregular,1
irregularities,1
isn't,1
isolation,1
issue,1
itchiness,1
itching,1
item,1
iv,1
ive,1
izquierda,1
jabbing,1
jacket,1
jokes,1
junkie,1
kegs,1
kept,1
kid's,1
kidding,1
kinda,1
kiosk,1
kiss,1
knees,1
knock,1
knocking,1
knows,1
kontaktu,1
kto,1
labour,1
lack,1
lading,1
laid,1
language,1
lap,1
last,1
lasts,1
latest,1
latte,1
lavoro,1
lazy,1
learnt,1
least,1
leaves,1
leftover,1
lego,1
leisure,1
lesion,1
letting,1
level,1
licks,1
lieing,1
lifes,1
lifting,1
lip,1
listened,1
listener,1
literally,1
llega,1
local,1
lonely,1
looked,1
loosing,1
loss,1
loudly,1
loves,1
lovingly,1
lulls,1
lunchbreal,1
mack,1
mad,1
major,1
male,1
male's,1
mam,1
manera,1
mano,1
mark,1
marker,1
masa,1
mass,1
matria,1
me's,1
meals,1
means,1
mechanicznie,1
meetig,1
mejilla,1
members,1
men,1
mental,1
mention,1
methods,1
meu,1
midnight,1
midst,1
miejsca,1
migraines,1
mildly,1
minimum,1
minutes,1
mio,1
miss,1
mni,1
modo,1
mohter,1
moisturiser,1
mole,1
momment,1
mommy,1
money,1
monitor,1
monotonous,1
moonlight,1
moring,1
mostly,1
mother's,1
motions,1
motivate,1
motivating,1
moved,1
mu,1
multiple,1
mundo,1
muscles,1
mutual,1
narrow,1
nature,1
nearby,1
necessarily,1
necessary,1
needed,1
nerveous,1
nerviosa,1
nervious,1
nervously,1
newborn,1
nibble,1
noisy,1
nonetheless,1
noticia,1
numb,1
numbness,1
nurses,1
nverves,1
object,1
obolaego,1
observations,1
observe,1
obtain,1
ocasiones,1
occasionally,1
occurring,1
ocurre,1
odly,1
offer,1
offers,1
official,1
oil,1
oils,1
ointment,1
okazanie,1
older,1
omnious,1
onto,1
opening,1
opportunity,1
ordeal,1
orders,1
otra,1
ourselves,1
outcome,1
overly,1
overstimulated,1
overstrech,1
overthinking,1
overwhelming,1
own,1
paces,1
pacing,1
pack,1
packing,1
pair,1
palabras,1
palcem,1
palliative,1
palpate,1
panic,1
panicked,1
pans,1
paper,1
parnet,1
partener,1
parter,1
participating,1
particular,1
partners,1
partnet,1
partying,1
passes,1
patch,1
patient,1
pauses,1
payment,1
pc,1
peace,1
pep,1
perceived,1
period,1
permissible,1
pero,1
peron,1
pervert,1
pester,1
phase,1
philosophy,1
piano,1
pimples,1
placed,1
planning,1
platform,1
platica,1
played,1
player,1
playground,1
po,1
pocigu,1
pocking,1
poin,1
pointer,1
politely,1
polso,1
ponga,1
pop,1
popcorn,1
positions,1
post,1
potrzeba,1
pounce,1
powder,1
powodu,1
practice,1
praying,1
prba,1
pre,1
pre-schooler,1
prendendo,1
prepare,1
prepared,1
present,1
presentable,1
presentation,1
press,1
presure,1
pretend,1
pretends,1
pricking,1
priest,1
prior,1
probing,1
procedure,1
proceeds,1
process,1
product,1
programme,1
prolific,1
properly,1
protected,1
prove,1
provocative,1
psychological,1
pubic,1
purposely,1
purposes,1
push,1
pushes,1
pushing,1
puts,1
puzzle,1
queuing,1
quick,1
quietly,1
rabes,1
rainning,1
rainy,1
rce,1
re-assuring,1
reach,1
reaching,1
react,1
reacts,1
read,1
real,1
recall,1
receptionist,1
recieve,1
recieving,1
recognises,1
recomforted,1
reconfort,1
reconnecting,1
recounting,1
red,1
refusal,1
register,1
regret,1
regularly,1
reject,1
reke,1
related,1
relationships,1
relative's,1
relaxes,1
relaxtrying,1
release,1
releave,1
relevant,1
relieve,1
relieved,1
remarkable,1
remind,1
reminded,1
reminding,1
removed,1
repeat,1
repetidas,1
repetitiva,1
repetitve,1
report,1
requested,1
requests,1
required,1
researcher,1
reservation,1
respect,1
restante,1
restaurand,1
result,1
resulted,1
resume,1
reveal,1
revenge,1
review,1
rhythm,1
rhythmic,1
rid,1
ride,1
riding,1
rk,1
robbery,1
rodeia,1
romance,1
romantically,1
roomate,1
root,1
rooted,1
roud,1
routines,1
row,1
run,1
rush,1
sadly,1
safe,1
sale,1
sample,1
sand,1
sarcastic,1
sarcastically,1
satisfying,1
sauce,1
says,1
scalding,1
scar,1
scared,1
scenario,1
schooldegree,1
scolded,1
scratched,1
scratches,1
screen,1
scrubbing,1
search,1
section,1
seducing,1
seduction,1
seeing,1
seeked,1
seem,1
seeting,1
seja,1
self,1
selfes,1
selfishly,1
send,1
sensational,1
sensations,1
senses,1
sensibility,1
sensitive,1
sensitivity,1
sentados,1
servida,1
sessions,1
sexually,1
sfrega,1
shading,1
shake,1
sharply,1
sheet,1
shelf,1
shift,1
shirt,1
shock,1
shooting,1
shortly,1
shos,1
shouder,1
shows,1
si,1
signals,1
silly,1
similarly,1
sims,1
simulates,1
since,1
sing,1
single,1
sipping,1
sisters,1
siting,1
sittted,1
situational,1
skero,1
slap,1
sleppy,1
slidding,1
slight,1
slipped,1
slower,1
smiling,1
smoking,1
smooth,1
smoothly,1
smudge,1
snap,1
sneezing,1
snother,1
soaked,1
sobbing,1
soccer,1
socialising,1
socialisng,1
socially,1
solace,1
somekind,1
somethig,1
someway,1
somwhere,1
soon,1
soothes,1
sorryness,1
sorts,1
sound,1
source,1
spa,1
space,1
spalla,1
spanish,1
special,1
speed,1
spend,1
spiritual,1
spleed,1
split,1
spoken,1
spontaneously,1
sports,1
sposb,1
ss,1
sta,1
staff,1
stain,1
static,1
station,1
status,1
stiamo,1
stiffness,1
stillness,1
stimulated,1
stimulating,1
stinging,1
sto,1
straight,1
strangers,1
strenght,1
strength,1
stresful,1
stressfull,1
stretching,1
struggles,1
struggling,1
stubborn,1
studies,1
stuka,1
stuttle,1
subtle,1
success,1
successful,1
sucking,1
suffer,1
sul,1
sulla,1
summer,1
sunbathing,1
sunday,1
sunset,1
supper,1
supportive,1
surgery,1
surprised,1
survey,1
susceptible,1
sweating,1
swelling,1
swimming,1
swiped,1
swollen,1
sympathize,1
sympathy,1
syringe,1
taken,1
takeouts,1
taliking,1
talkin,1
talks,1
tantrum,1
tapiing,1
taping,1
te,1
tear,1
teased,1
teases,1
technique,1
tedious,1
teller,1
tem,1
temper,1
tender,1
tending,1
tennis,1
tension,1
tentatively,1
term,1
terrible,1
texture,1
thaniking,1
themselves,1
therapatic,1
therapeutic,1
theya,1
thick,1
thighs,1
third,1
thoroughly,1
three,1
throwing,1
thump,1
thyroid,1
tic,1
ticchetto,1
tickets,1
tickle,1
ticklish,1
tidy,1
till,1
tills,1
timing,1
tingle,1
tingles,1
tingly,1
tiny,1
tipping,1
tissue,1
tocan,1
tocarme,1
tocca,1
togeether,1
togerher,1
tones,1
touchs,1
touhches,1
toutches,1
touuching,1
towels,1
toys,1
tp,1
tra,1
tracing,1
trampoline,1
transportation,1
traumatic,1
traveling,1
treated,1
tribulations,1
trip,1
tripped,1
triyng,1
trough,1
tryna,1
tryng,1
tuch,1
tuching,1
tuff,1
tummy,1
turned,1
turning,1
tutor,1
tying,1
typing,1
ugly,1
um,1
uma,1
umbrella,1
un,1
uncle,1
uncle's,1
undergoing,1
undertake,1
undervalue,1
underwear,1
une,1
uneasy,1
unexpected,1
unfairly,1
unhealthy,1
unknown,1
unless,1
unpatient,1
unsuccessful,1
unsure,1
until,1
unwell,1
upcoming,1
updating,1
uper,1
upon,1
use,1
useful,1
uwag,1
vacation,1
various,1
vending,1
ver,1
verbally,1
via,1
viable,1
view,1
viewing,1
vigorous,1
visa,1
visita,1
visitando,1
vitals,1
vividly,1
vulnerable,1
wait,1
waiter,1
wakes,1
waled,1
wall,1
wanna,1
want's,1
war,1
ward,1
warming,1
warmth,1
warn,1
watches,1
water,1
wathcing,1
wathing,1
wating,1
ways,1
we've,1
weak,1
wear,1
weather,1
weeks,1
whatching,1
whenever,1
whispeing,1
whole,1
wild,1
winner,1
wool,1
work-related,1
worker,1
worries,1
worrying,1
worse,1
wound,1
wrapped,1
wrapping,1
wrestling,1
write,1
wykrycia,1
wysiadac,1
yard,1
yoghurt,1
zebym,1
zoning,1
zwraca,1
zwrcic,1
zwrocil,1
